Фамилия;Имя, отчество;Login;Password;Role
Лихачёв ;Онисим Гордеевич;loginDErfg2018;5ovb1N;Клиент
Рожков ;Тихон Владиславович;loginDEymi2018;nR0+pI;Администратор
Павлов ;Максим Фёдорович;loginDEnbi2018;Ed*JQP;Клиент
Шилов ;Матвей Альбертович;loginDEhvg2018;SaHv6w;Администратор
Шаров ;Федосей Юрьевич;loginDEmbg2018;Fou{d3;Администратор
Медведева ;Пелагея Мартыновна;loginDEubq2018;{jzW2v;Менеджер
Медведев ;Григорий Агафонович;loginDEosl2018;O3O}we;Менеджер
Соколова ;Марфа Всеволодовна;loginDErog2018;&W4Wtq;Клиент
Петухова ;Василиса Еремеевна;loginDEsku2018;fUldqr;Администратор
Беспалова ;Галина Дмитрьевна;loginDEatu2018;}nGbhZ;Менеджер
Андреева ;Александра Владиславовна;loginDEhks2018;XV|+W4;Менеджер
Селезнёв ;Федот Валентинович;loginDEzbl2018;ih4xKJ;Менеджер
Вишняков ;Сергей Иванович;loginDEoxa2018;mL+97r;Клиент
Зимин ;Василий Русланович;loginDEssm2018;oBrTGr;Клиент
Фадеева ;Регина Онисимовна;loginDEzxw2018;pX&AsH;Клиент
Артемьев ;Варлам Альбертович;loginDEkzo2018;n3es*S;Администратор
Щербаков ;Лукий Онисимович;loginDEdaq2018;dWsvBS;Клиент
Горбунов ;Матвей Сергеевич;loginDEnjd2018;0&3HHn;Клиент
Зиновьева ;Варвара Антоновна;loginDEluw2018;S3wj{I;Менеджер
Фролов ;Юрий Варламович;loginDEole2018;p+kvb6;Менеджер
Ларионова ;Василиса Владимировна;loginDEebl2018;#ИМЯ?;Администратор
Силин ;Вячеслав Валерьевич;loginDEfug2018;z|6cXV;Клиент
Герасимова ;Феврония Валерьяновна;loginDEgfx2018;GFSZAB;Менеджер
Пономарёва ;Вера Руслановна;loginDEtww2018;4icZTg;Менеджер
Медведьев ;Руслан Богданович;loginDElyc2018;#ИМЯ?;Менеджер
Владимиров ;Геласий Пантелеймонович;loginDEcbd2018;GwG*p6;Менеджер
Корнилов ;Иван Игоревич;loginDEcay2018;ehtG*H;Менеджер
Иван ;Вячеславовна;loginDEmel2018;8zmoSV;Администратор
Ермакова ;Зинаида Данииловна;loginDEhqk2018;KBc4A+;Менеджер
Пахомова ;Элеонора Григорьевна;loginDEkny2018;v2+4Ro;Клиент
Гущина ;Вера Ефимовна;loginDEmda2018;sG+NF0;Администратор
Полякова ;Антонина Андреевна;loginDEhhf2018;d+GS5y;Клиент
Зуева ;Марина Ильяовна;loginDEilc2018;eyRufZ;Менеджер
Агафонов ;Агафон Максимович;loginDEwfv2018;ZSUiGT;Менеджер
Архипов ;Агафон Игоревич;loginDEozn2018;nndP3Q;Администратор
Лапина ;Иванна Аристарховна;loginDEbtr2018;FdZrI3;Клиент
Маслова ;Мария Аристарховна;loginDEcuf2018;aOdzYf;Клиент
Русаков ;Василий Куприянович;loginDEtye2018;MEJjQt;Менеджер
Николаева ;Евдокия Пётровна;loginDEncq2018;GgG3m0;Менеджер
Прохоров ;Олег Брониславович;loginDEtmt2018;}FOh*};Менеджер
Зайцев ;Макар Владленович;loginDEyqb2018;xLmuQq;Менеджер
Жданов ;Сергей Гордеевич;loginDExld2018;a8Vjkx;Клиент
Нестеров ;Авдей Митрофанович;loginDEnig2018;Cm00D0;Клиент
Григорьева ;Глафира Антоновна;loginDEmly2018;IZJ7O|;Клиент
Зыков ;Геласий Лаврентьевич;loginDElom2018;Yg}k84;Клиент
Александрова ;Марфа Протасьевна;loginDEvoa2018;RdGikC;Клиент
Мухин ;Донат Ростиславович;loginDEwmq2018;ds4KAb;Администратор
Костин ;Геласий Германнович;loginDEdba2018;D7xF6u;Клиент
Лазарев ;Протасий Игоревич;loginDEnsr2018;VZKTog;Менеджер
Пестов ;Богдан Германнович;loginDEqsc2018;UU|FkZ;Администратор
